Sr. No.,Hotel Code,State,Cost,Ratings
1,TN68367619,Tamilnadu,720,4.6
2,MH84778017,Maharashtra,560,5.4
3,TN11397489,Tamilnadu,1760,9.3
4,MH09379534,Maharashtra,680,9.8
5,TN01526325,Tamilnadu,560,2.8
6,TN60180797,Tamilnadu,420,9.2
7,KA55993890,Karnataka,910,5.7
8,TN22355225,Tamilnadu,1430,3.4
9,KA03831069,Karnataka,2110,9.5
10,KA69526916,Karnataka,870,9.8
11,TN44085124,Tamilnadu,960,4.6
12,MH40686103,Maharashtra,1190,2.2
13,TN22055569,Tamilnadu,600,3.5
14,MH06829506,Maharashtra,580,8.8
15,TN58122983,Tamilnadu,1750,7.2
16,TN02001814,Tamilnadu,1610,2.7
17,KA45379284,Karnataka,910,6.9
18,MH85842076,Maharashtra,1010,6.1
19,KA00976749,Karnataka,1500,3.5
20,TN02655796,Tamilnadu,610,8.6
21,MH49380798,Maharashtra,700,7.8
22,TN83041433,Tamilnadu,700,6.7
23,MH04716020,Maharashtra,1490,6.8
24,KA61084810,Karnataka,470,9.2
25,MH77175106,Maharashtra,1440,9.8
26,MH53980663,Maharashtra,1850,5.1
27,KA03561331,Karnataka,820,4.0
28,MH70170207,Maharashtra,1210,9.3
29,KA91510211,Karnataka,2160,5.7
30,MH43674602,Maharashtra,1830,3.7
31,KA30309289,Karnataka,820,9.8
32,TN71031088,Tamilnadu,1980,6.2
33,TN75056049,Tamilnadu,1280,8.3
34,MH85511309,Maharashtra,830,6.8
35,MH24441155,Maharashtra,1780,3.3
36,TN76210648,Tamilnadu,480,5.7
37,KA41019153,Karnataka,890,4.7
38,TN84833709,Tamilnadu,1530,3.5
39,MH86959346,Maharashtra,1090,8.2
40,TN91378149,Tamilnadu,900,5.6
41,MH56822069,Maharashtra,2160,9.1
42,TN78751859,Tamilnadu,700,8.0
43,KA52335211,Karnataka,540,6.4
44,MH39871947,Maharashtra,760,2.1
45,TN40817750,Tamilnadu,640,7.9
46,KA65648551,Karnataka,1280,9.0
47,KA49783032,Karnataka,1590,9.9
48,TN87465471,Tamilnadu,2200,2.9
49,TN49796605,Tamilnadu,2010,2.2
50,TN54540422,Tamilnadu,820,5.7
51,TN34556283,Tamilnadu,2160,6.9
52,MH03970362,Maharashtra,1120,6.1
53,TN69492341,Tamilnadu,1600,2.4
54,KA95321196,Karnataka,1160,8.9
55,KA45879746,Karnataka,460,7.8
56,MH86800075,Maharashtra,1030,2.9
57,TN84081551,Tamilnadu,1510,5.8
58,TN76831997,Tamilnadu,1490,3.1
59,KA11518129,Karnataka,950,6.5
60,TN62993715,Tamilnadu,1540,7.2
61,TN31938051,Tamilnadu,1160,7.4
62,TN69692543,Tamilnadu,1510,5.8
63,MH61086821,Maharashtra,1670,7.7
64,TN59161691,Tamilnadu,1530,9.5
65,TN00723329,Tamilnadu,530,8.2
66,KA80373063,Karnataka,2200,2.5
67,MH56565690,Maharashtra,530,9.0
68,KA84005205,Karnataka,1480,8.3
69,KA49716719,Karnataka,530,7.1
70,KA95050171,Karnataka,550,7.3
71,TN77699589,Tamilnadu,2070,5.9
72,KA47041363,Karnataka,1360,3.1
73,KA55135702,Karnataka,1050,3.0
74,TN83031304,Tamilnadu,580,2.9
75,TN02475943,Tamilnadu,1670,4.4
76,KA73605430,Karnataka,1980,6.8
77,TN15182425,Tamilnadu,650,4.6
78,TN27600191,Tamilnadu,1740,2.9
79,TN19424538,Tamilnadu,2050,4.8
80,KA26518176,Karnataka,410,3.3
81,TN26718606,Tamilnadu,830,2.5
82,KA25779875,Karnataka,700,9.3
83,MH68401047,Maharashtra,920,2.2
84,MH21288487,Maharashtra,1580,8.5
85,KA33702780,Karnataka,2100,7.0
86,MH39215314,Maharashtra,1970,4.8
87,MH05823765,Maharashtra,1720,5.7
88,KA37424497,Karnataka,480,3.2
89,KA83178832,Karnataka,2060,2.3
90,MH78044975,Maharashtra,1010,4.3
91,TN19429908,Tamilnadu,800,3.4
92,TN87350982,Tamilnadu,640,7.0
93,TN25254464,Tamilnadu,890,8.9
94,MH77544001,Maharashtra,1240,7.5
95,KA39530042,Karnataka,980,7.8
96,TN96995129,Tamilnadu,2140,2.7
97,KA55292184,Karnataka,970,2.3
98,KA25115604,Karnataka,710,2.7
99,MH35017684,Maharashtra,1310,4.9
100,TN51438395,Tamilnadu,630,7.8
101,TN67681938,Tamilnadu,1800,5.3
102,KA90982354,Karnataka,1820,5.2
103,MH37877880,Maharashtra,640,5.2
104,KA54077881,Karnataka,1930,4.3
105,TN77788634,Tamilnadu,1290,4.3
106,KA25673715,Karnataka,1730,5.5
107,MH70211405,Maharashtra,2170,3.3
108,TN36687428,Tamilnadu,1980,4.0
109,KA00631556,Karnataka,2170,9.9
110,KA29434916,Karnataka,1650,6.0
111,KA88246826,Karnataka,1600,9.5
112,MH14125959,Maharashtra,900,7.3
113,MH14609404,Maharashtra,1460,9.0
114,TN91339287,Tamilnadu,880,2.3
115,TN13491901,Tamilnadu,1380,6.4
116,TN94350104,Tamilnadu,1560,5.8
117,MH44609627,Maharashtra,930,2.9
118,MH99589295,Maharashtra,1490,5.7
119,KA04072980,Karnataka,2100,9.3
120,MH31045865,Maharashtra,1350,4.7
121,MH18352979,Maharashtra,640,4.3
122,TN38396274,Tamilnadu,2200,8.5
123,MH62582841,Maharashtra,1710,9.4
124,MH48292948,Maharashtra,1830,4.3
125,MH88086712,Maharashtra,1320,2.6
126,MH68454524,Maharashtra,1540,8.4
127,MH20471989,Maharashtra,580,8.7
128,KA50335534,Karnataka,1800,9.7
129,TN08925923,Tamilnadu,1780,2.1
130,KA87417739,Karnataka,1600,7.5
131,TN53785190,Tamilnadu,1050,8.5
132,KA26199115,Karnataka,1910,6.4
133,MH99133467,Maharashtra,980,8.4
134,TN89426609,Tamilnadu,1730,8.3
135,MH73634133,Maharashtra,1030,2.7
136,TN34811962,Tamilnadu,1380,3.9
137,MH77648327,Maharashtra,1120,4.6
138,KA97995425,Karnataka,670,5.8
139,KA51358426,Karnataka,510,7.7
140,MH48608312,Maharashtra,950,7.3
141,TN78564435,Tamilnadu,1950,6.8
142,TN70998719,Tamilnadu,620,8.7
143,KA94084504,Karnataka,1900,6.5
144,MH01297676,Maharashtra,510,8.2
145,TN69569623,Tamilnadu,1300,4.7
146,TN40173849,Tamilnadu,1090,9.8
147,TN95467665,Tamilnadu,1600,9.3
148,TN66427469,Tamilnadu,1550,2.1
149,KA29411443,Karnataka,730,2.2
150,MH45378614,Maharashtra,1100,5.2
151,TN94372991,Tamilnadu,1940,4.8
152,MH57063935,Maharashtra,1900,8.7
153,MH66500155,Maharashtra,1410,5.3
154,TN69249099,Tamilnadu,1880,3.4
155,MH80856573,Maharashtra,560,7.1
156,MH82888657,Maharashtra,580,2.5
157,MH35298748,Maharashtra,1490,8.6
158,KA66105398,Karnataka,1800,3.1
159,TN60244383,Tamilnadu,1220,4.2
160,KA39465283,Karnataka,1670,10.0
161,KA47372788,Karnataka,510,4.8
162,TN81769711,Tamilnadu,1500,6.7
163,TN95525891,Tamilnadu,1940,4.9
164,TN33634272,Tamilnadu,1240,6.3
165,MH82083144,Maharashtra,1450,5.6
166,TN41686157,Tamilnadu,2100,6.9
167,TN22978066,Tamilnadu,650,9.7
168,MH39192165,Maharashtra,2040,7.6
169,KA17747110,Karnataka,1500,5.3
170,TN49643961,Tamilnadu,990,9.6
171,MH63390414,Maharashtra,560,3.1
172,KA14281105,Karnataka,810,6.1
173,TN68170752,Tamilnadu,1210,7.8
174,KA65625453,Karnataka,980,6.3
175,KA83483691,Karnataka,850,8.6
176,MH73834038,Maharashtra,2160,8.7
177,KA38688706,Karnataka,690,3.9
178,KA34701201,Karnataka,1900,8.1
179,TN16536739,Tamilnadu,920,8.9
180,KA02271149,Karnataka,880,5.5
181,TN73418665,Tamilnadu,2160,2.8
182,TN63717518,Tamilnadu,1210,8.9
183,KA42762133,Karnataka,570,6.3
184,TN52804410,Tamilnadu,2050,3.6
185,MH09164314,Maharashtra,1090,4.9
186,KA41539552,Karnataka,1110,2.8
187,KA23281240,Karnataka,1970,3.3
188,KA06971502,Karnataka,600,9.3
189,TN32222289,Tamilnadu,680,8.2
190,TN36163717,Tamilnadu,1670,2.2
191,KA15992604,Karnataka,1860,8.7
192,TN66533313,Tamilnadu,1750,5.6
193,MH79880831,Maharashtra,1050,7.2
194,MH23683846,Maharashtra,940,9.7
195,MH46237057,Maharashtra,740,9.6
196,TN37671846,Tamilnadu,640,3.1
197,KA25922585,Karnataka,550,7.6
198,MH87185607,Maharashtra,1690,8.5
199,MH49197778,Maharashtra,400,9.8
200,KA41960509,Karnataka,1290,6.9
201,KA05586868,Karnataka,1560,5.9
202,TN56299410,Tamilnadu,2070,4.8
203,KA81743674,Karnataka,1450,8.7
204,KA50163205,Karnataka,920,2.1
205,MH56121247,Maharashtra,2010,5.9
206,MH73571568,Maharashtra,1420,9.3
207,MH18262124,Maharashtra,850,9.6
208,TN05567355,Tamilnadu,820,7.2
209,MH59966692,Maharashtra,790,5.8
210,TN65993408,Tamilnadu,1350,2.5
211,KA86005623,Karnataka,1630,5.8
212,KA54700444,Karnataka,2200,4.2
213,TN34993460,Tamilnadu,1060,8.8
214,TN66440857,Tamilnadu,1900,3.4
215,MH45456343,Maharashtra,1370,6.8
216,KA63911442,Karnataka,1070,9.7
217,MH43119646,Maharashtra,1980,7.6
218,KA33482804,Karnataka,1300,8.7
219,TN59661252,Tamilnadu,1770,6.7
220,TN79288750,Tamilnadu,600,5.2
221,KA79270816,Karnataka,2020,3.7
222,KA78111394,Karnataka,1310,3.3
223,MH09946163,Maharashtra,1810,4.9
224,KA12787005,Karnataka,1060,7.3
225,KA25426021,Karnataka,2200,7.2
226,TN26419343,Tamilnadu,2190,2.8
227,KA48769860,Karnataka,1090,8.8
228,MH15493859,Maharashtra,880,6.7
229,MH92577930,Maharashtra,520,7.3
230,MH97523369,Maharashtra,760,6.4
231,MH32490473,Maharashtra,2030,7.9
232,KA89242803,Karnataka,680,6.4
233,KA58260166,Karnataka,860,8.4
234,TN63625189,Tamilnadu,590,8.0
235,KA14958885,Karnataka,1170,7.1
236,KA09631113,Karnataka,1440,4.8
237,KA77428400,Karnataka,2000,9.4
238,TN50997695,Tamilnadu,1880,5.1
239,TN41705773,Tamilnadu,2090,5.6
240,KA62564410,Karnataka,2040,2.7
241,MH50383108,Maharashtra,1990,4.1
242,TN48713177,Tamilnadu,2180,9.9
243,MH31087308,Maharashtra,400,6.4
244,KA20558284,Karnataka,930,4.6
245,TN51883959,Tamilnadu,850,7.0
246,TN22908339,Tamilnadu,1720,5.2
247,TN98776795,Tamilnadu,1710,6.8
248,MH85877030,Maharashtra,2000,4.0
249,MH97095279,Maharashtra,1180,7.4
250,KA62002882,Karnataka,1480,9.5
251,MH46811981,Maharashtra,750,5.1
252,KA93685245,Karnataka,590,4.1
253,MH55550932,Maharashtra,1440,8.0
254,MH01600261,Maharashtra,500,8.2
255,MH88021966,Maharashtra,1800,4.9
256,KA96352038,Karnataka,490,8.5
257,TN55256889,Tamilnadu,790,5.1
258,TN56029741,Tamilnadu,1940,7.0
259,TN44162337,Tamilnadu,610,10.0
260,KA45570551,Karnataka,1410,2.2
261,MH88305929,Maharashtra,1150,3.8
262,MH24788878,Maharashtra,1270,5.4
263,KA80734260,Karnataka,1150,5.6
264,MH33015927,Maharashtra,2190,5.5
265,MH44097240,Maharashtra,580,6.3
266,TN66170525,Tamilnadu,1770,9.3
267,KA45291753,Karnataka,410,2.3
268,TN75153199,Tamilnadu,1020,4.7
269,MH53541840,Maharashtra,1070,7.9
270,TN74175529,Tamilnadu,460,3.2
271,KA75126575,Karnataka,1120,3.9
272,KA65788912,Karnataka,1870,3.8
273,TN47909670,Tamilnadu,1940,4.9
274,TN57028514,Tamilnadu,1700,7.3
275,MH69039799,Maharashtra,2190,9.7
276,TN41059524,Tamilnadu,1000,2.9
277,TN77184160,Tamilnadu,1020,2.3
278,KA17207362,Karnataka,2120,7.2
279,MH57259598,Maharashtra,1150,8.9
280,KA13759094,Karnataka,1970,3.6
281,KA46790750,Karnataka,1330,6.7
282,TN39250452,Tamilnadu,1850,7.4
283,MH03431962,Maharashtra,910,5.6
284,MH03399798,Maharashtra,1130,8.1
285,KA64814216,Karnataka,840,7.5
286,KA42652342,Karnataka,2110,9.9
287,KA29789313,Karnataka,640,6.9
288,KA36078226,Karnataka,2160,6.8
289,KA60017710,Karnataka,1350,3.8
290,KA91812209,Karnataka,1940,2.7
291,TN79036238,Tamilnadu,490,3.4
292,TN53594648,Tamilnadu,1270,6.6
293,MH82058869,Maharashtra,1820,4.0
294,TN13425715,Tamilnadu,2090,5.4
295,MH52137785,Maharashtra,630,5.8
296,MH81283743,Maharashtra,1210,7.9
297,TN97127956,Tamilnadu,2180,6.7
298,MH84332257,Maharashtra,1930,4.2
299,MH05753994,Maharashtra,1090,9.7
300,KA27773918,Karnataka,1650,8.2
301,KA60297624,Karnataka,1030,8.3
302,TN47795143,Tamilnadu,1080,8.0
303,KA08906625,Karnataka,1390,7.0
304,MH35200123,Maharashtra,1150,6.8
305,KA04822820,Karnataka,2160,6.7
306,TN12668793,Tamilnadu,2050,3.5
307,TN90737879,Tamilnadu,1300,6.2
308,TN79097765,Tamilnadu,2000,9.5
309,TN98253524,Tamilnadu,460,8.2
310,MH31943659,Maharashtra,1090,7.7
311,MH91992789,Maharashtra,1230,3.4
312,MH98636334,Maharashtra,1440,8.1
313,MH52931611,Maharashtra,900,7.9
314,KA99892388,Karnataka,1460,5.9
315,TN11617709,Tamilnadu,460,4.0
316,MH13246310,Maharashtra,1060,5.3
317,TN39139443,Tamilnadu,980,9.7
318,MH67402588,Maharashtra,1410,7.4
319,KA39341778,Karnataka,660,3.6
320,MH55225946,Maharashtra,1840,7.9
321,KA16933163,Karnataka,1530,7.5
322,MH78611153,Maharashtra,1230,2.2
323,TN52193286,Tamilnadu,1070,3.4
324,MH75189709,Maharashtra,1720,7.2
325,MH49571011,Maharashtra,1600,9.7
326,MH66951728,Maharashtra,1850,6.7
327,MH18885712,Maharashtra,1150,3.6
328,KA76138607,Karnataka,1300,6.4
329,KA68270063,Karnataka,1130,9.0
330,TN93828390,Tamilnadu,890,7.4
331,MH22570598,Maharashtra,1980,4.7
332,KA99342869,Karnataka,1160,8.9
333,KA51001612,Karnataka,940,3.6
334,TN51470388,Tamilnadu,2190,7.9
335,KA46864642,Karnataka,730,8.8
336,KA24080941,Karnataka,530,8.0
337,MH39941725,Maharashtra,1250,9.9
338,KA73953937,Karnataka,1530,5.2
339,MH78649132,Maharashtra,1860,10.0
340,KA02545356,Karnataka,1250,5.9
341,TN42365938,Tamilnadu,720,4.9
342,TN39344991,Tamilnadu,2120,4.2
343,TN96039694,Tamilnadu,2170,6.2
344,MH62961752,Maharashtra,620,8.4
345,MH79640978,Maharashtra,1040,5.0
346,MH49952612,Maharashtra,1580,8.8
347,KA74250110,Karnataka,1410,2.9
348,KA97646020,Karnataka,1070,4.2
349,TN72362501,Tamilnadu,400,8.3
350,MH21768804,Maharashtra,1170,7.0
351,TN46723512,Tamilnadu,1480,8.4
352,TN15418722,Tamilnadu,1150,6.9
353,MH12328406,Maharashtra,950,6.6
354,MH09173453,Maharashtra,1590,3.9
355,TN28761983,Tamilnadu,1140,9.2
356,TN01195798,Tamilnadu,1460,7.0
357,TN11945390,Tamilnadu,1930,3.4
358,TN02060736,Tamilnadu,1660,3.9
359,TN20942885,Tamilnadu,1980,9.6
360,MH77640697,Maharashtra,1340,9.3
361,KA16377608,Karnataka,560,6.0
362,KA26232775,Karnataka,1290,8.0
363,KA27962534,Karnataka,920,8.3
364,KA09961692,Karnataka,2000,8.0
365,TN68879372,Tamilnadu,590,7.1
366,TN19210469,Tamilnadu,730,4.5
367,MH83333057,Maharashtra,1810,9.5
368,KA86837200,Karnataka,1150,5.8
369,TN32279344,Tamilnadu,1820,3.2
370,TN96036471,Tamilnadu,1170,10.0
371,KA76865978,Karnataka,700,4.7
372,KA42201663,Karnataka,800,4.6
373,TN93327121,Tamilnadu,1350,7.0
374,TN33745305,Tamilnadu,1690,9.2
375,KA48654869,Karnataka,1540,6.5
376,KA74714803,Karnataka,1420,9.5
377,TN91175199,Tamilnadu,2070,9.8
378,MH95728254,Maharashtra,1160,5.6
379,MH48766180,Maharashtra,1610,2.7
380,TN15949486,Tamilnadu,780,7.7
381,MH29740185,Maharashtra,1490,5.5
382,TN67981007,Tamilnadu,730,6.4
383,MH84061034,Maharashtra,800,4.9
384,MH24693813,Maharashtra,890,2.2
385,TN73340980,Tamilnadu,2000,2.3
386,KA80734055,Karnataka,1040,7.8
387,TN07699757,Tamilnadu,2090,5.5
388,TN54238442,Tamilnadu,1080,5.5
389,KA61055803,Karnataka,2090,3.9
390,TN98716333,Tamilnadu,2130,3.6
391,MH84279408,Maharashtra,1940,9.2
392,KA82617738,Karnataka,1750,8.4
393,MH14881541,Maharashtra,1640,3.6
394,MH44794545,Maharashtra,2200,4.9
395,MH44030421,Maharashtra,1570,2.8
396,TN75482909,Tamilnadu,720,5.2
397,KA00707466,Karnataka,1780,7.8
398,KA24396592,Karnataka,1640,3.7
399,TN69543074,Tamilnadu,1900,7.1
400,KA24527729,Karnataka,1570,5.3
401,TN52046575,Tamilnadu,2140,7.2
402,MH92369740,Maharashtra,2140,5.7
403,TN95905969,Tamilnadu,1200,9.5
404,MH27500965,Maharashtra,580,2.7
405,MH56696134,Maharashtra,1890,4.6
406,TN73200949,Tamilnadu,1490,5.8
407,TN89806128,Tamilnadu,1310,9.7
408,TN20471934,Tamilnadu,1430,2.5
409,TN63408430,Tamilnadu,2030,9.1
410,TN79274074,Tamilnadu,1840,5.1
411,TN81375202,Tamilnadu,530,9.9
412,TN20372446,Tamilnadu,770,5.0
413,TN68874148,Tamilnadu,1270,8.9
414,KA60844316,Karnataka,1030,7.9
415,MH87215229,Maharashtra,710,6.9
416,MH80112341,Maharashtra,1260,5.0
417,KA30898264,Karnataka,2090,5.0
418,KA00902533,Karnataka,1030,3.9
419,TN24967990,Tamilnadu,1880,5.5
420,KA77119933,Karnataka,1780,8.6
421,MH91284969,Maharashtra,1160,3.2
422,KA34881576,Karnataka,1350,7.8
423,TN48971980,Tamilnadu,1440,8.7
424,MH12089000,Maharashtra,1430,4.8
425,KA14141751,Karnataka,1700,9.0
426,MH78531093,Maharashtra,830,2.2
427,MH70807202,Maharashtra,880,4.4
428,KA08886262,Karnataka,1990,4.1
429,KA77167644,Karnataka,2030,6.9
430,MH10531389,Maharashtra,660,6.6
431,TN75264451,Tamilnadu,440,6.1
432,MH34735695,Maharashtra,1690,8.9
433,KA53041784,Karnataka,1880,7.0
434,MH21815270,Maharashtra,760,9.0
435,MH87106374,Maharashtra,560,5.3
436,MH19337364,Maharashtra,1530,6.6
437,MH69965180,Maharashtra,1590,5.3
438,TN71444758,Tamilnadu,1350,6.5
439,KA55693493,Karnataka,770,8.7
440,MH46860873,Maharashtra,540,7.1
441,KA87266931,Karnataka,2100,4.0
442,MH45964770,Maharashtra,830,9.8
443,MH71564609,Maharashtra,1100,3.6
444,KA67175017,Karnataka,630,3.1
445,TN52754661,Tamilnadu,530,9.2
446,KA18044010,Karnataka,590,9.0
447,KA50812509,Karnataka,1990,3.6
448,KA74508372,Karnataka,590,9.7
449,KA51378400,Karnataka,1390,9.1
450,MH36873531,Maharashtra,1480,5.2
451,KA45385124,Karnataka,1660,4.1
452,KA22852960,Karnataka,1320,4.8
453,MH05467808,Maharashtra,1710,7.0
454,MH57771724,Maharashtra,910,9.2
455,TN07590481,Tamilnadu,2100,5.2
456,KA72117620,Karnataka,1560,3.6
457,KA00199650,Karnataka,1780,3.0
458,TN58572627,Tamilnadu,2000,2.4
459,KA58966914,Karnataka,1070,5.9
460,MH04158233,Maharashtra,910,6.7
461,TN36935581,Tamilnadu,1760,6.6
462,KA51752484,Karnataka,1480,5.2
463,MH30349698,Maharashtra,1950,8.3
464,MH21484230,Maharashtra,2030,6.3
465,TN54447189,Tamilnadu,1930,2.6
466,TN07578748,Tamilnadu,890,8.8
467,MH81374953,Maharashtra,2030,9.7
468,MH49834192,Maharashtra,770,4.7
469,MH31722117,Maharashtra,2190,9.0
470,KA45653209,Karnataka,1700,6.0
471,KA03359068,Karnataka,600,8.1
472,MH72901045,Maharashtra,2100,7.2
473,KA33221380,Karnataka,1190,9.8
474,MH24161213,Maharashtra,880,9.1
475,TN69048838,Tamilnadu,1190,6.8
476,KA02306759,Karnataka,1850,5.8
477,TN65194591,Tamilnadu,1150,2.2
478,TN66946458,Tamilnadu,2160,5.1
479,TN57115139,Tamilnadu,610,5.1
480,KA47288652,Karnataka,660,9.6
481,MH82269265,Maharashtra,620,7.1
482,TN36370627,Tamilnadu,1120,7.3
483,MH82397777,Maharashtra,730,7.0
484,MH80148838,Maharashtra,490,2.4
485,MH41323106,Maharashtra,540,5.8
486,TN16175020,Tamilnadu,1810,3.0
487,KA83835117,Karnataka,1760,7.6
488,TN70059137,Tamilnadu,1770,5.6
489,KA56173246,Karnataka,450,8.6
490,KA60158215,Karnataka,640,5.4
491,TN66404279,Tamilnadu,1310,3.9
492,MH98316649,Maharashtra,730,3.9
493,TN67398140,Tamilnadu,1920,7.0
494,TN38075834,Tamilnadu,1270,9.5
495,MH25826807,Maharashtra,2160,3.4
496,TN62022958,Tamilnadu,710,6.7
497,KA73704737,Karnataka,1780,9.1
498,KA93492799,Karnataka,2060,5.3
499,MH75704322,Maharashtra,1440,9.6
500,MH06200718,Maharashtra,1940,4.9
501,TN59517948,Tamilnadu,1290,8.7
502,KA25255393,Karnataka,1870,6.6
503,MH81734054,Maharashtra,690,7.3
504,KA77274359,Karnataka,1400,4.3
505,KA16382343,Karnataka,2040,4.3
506,MH15058881,Maharashtra,2150,6.4
507,TN58787847,Tamilnadu,1520,7.1
508,TN05529254,Tamilnadu,2010,2.8
509,MH75893330,Maharashtra,1610,5.7
510,TN13196189,Tamilnadu,510,3.2
511,TN87125863,Tamilnadu,1510,4.4
512,MH87622461,Maharashtra,690,7.0
513,KA99945947,Karnataka,1930,6.4
514,MH56297089,Maharashtra,1410,3.9
515,MH75628673,Maharashtra,2070,5.3
516,MH47707047,Maharashtra,670,2.7
517,TN87413243,Tamilnadu,1530,4.5
518,MH25295900,Maharashtra,1100,4.6
519,TN33679129,Tamilnadu,740,8.8
520,KA17141345,Karnataka,1870,5.0
521,MH80997108,Maharashtra,670,5.4
522,MH52276552,Maharashtra,520,7.3
523,MH34359174,Maharashtra,2180,7.4
524,TN49738957,Tamilnadu,730,4.0
525,KA03475782,Karnataka,980,4.3
526,TN50516803,Tamilnadu,1070,7.5
527,MH34493731,Maharashtra,1880,2.3
528,MH01714616,Maharashtra,1920,4.0
529,KA95413280,Karnataka,1260,3.5
530,KA40673110,Karnataka,660,6.5
531,KA49392326,Karnataka,630,6.5
532,MH12093953,Maharashtra,1350,5.5
533,KA43507436,Karnataka,1110,3.7
534,TN10356616,Tamilnadu,1770,3.2
535,KA39076304,Karnataka,2020,7.5
536,TN03501047,Tamilnadu,1740,9.9
537,KA85734579,Karnataka,940,9.8
538,MH68373054,Maharashtra,1470,9.7
539,MH04546689,Maharashtra,1630,6.0
540,TN26764764,Tamilnadu,760,2.3
541,MH68878641,Maharashtra,2160,2.3
542,MH15196996,Maharashtra,560,8.8
543,TN61541757,Tamilnadu,1260,9.2
544,TN42766582,Tamilnadu,1600,2.1
545,TN07989834,Tamilnadu,1480,4.9
546,TN29244348,Tamilnadu,1150,4.2
547,MH95790701,Maharashtra,580,4.4
548,KA03462829,Karnataka,1550,2.2
549,MH37371609,Maharashtra,1980,4.8
550,TN08890337,Tamilnadu,1400,4.1
551,MH92790483,Maharashtra,1170,3.1
552,KA47055865,Karnataka,1270,3.8
553,TN69209864,Tamilnadu,1470,4.8
554,MH32096859,Maharashtra,1520,8.9
555,MH66269540,Maharashtra,1040,5.7
556,KA94553659,Karnataka,1760,5.6
557,TN70696721,Tamilnadu,1670,7.7
558,MH66915270,Maharashtra,540,9.3
559,MH48903943,Maharashtra,760,2.9
560,TN62040754,Tamilnadu,780,5.9
561,TN53497093,Tamilnadu,1380,6.2
562,KA41068779,Karnataka,1640,7.0
563,KA26614359,Karnataka,1690,7.3
564,TN21248948,Tamilnadu,1610,6.7
565,KA59836100,Karnataka,1210,2.8
566,MH55464475,Maharashtra,800,3.2
567,TN59688792,Tamilnadu,1670,4.0
568,TN34428917,Tamilnadu,2190,5.5
569,KA20897468,Karnataka,870,9.5
570,KA67917785,Karnataka,670,9.9
571,KA47261426,Karnataka,2110,4.3
572,MH68617943,Maharashtra,1370,2.7
573,MH74922345,Maharashtra,1280,7.3
574,MH83956782,Maharashtra,470,7.2
575,MH23054172,Maharashtra,540,9.2
576,KA31626880,Karnataka,880,2.7
577,KA03052860,Karnataka,1890,4.2
578,KA57888446,Karnataka,2180,3.5
579,MH73104582,Maharashtra,540,3.6
580,KA20468262,Karnataka,1850,6.6
581,KA21677960,Karnataka,1360,6.3
582,TN39447364,Tamilnadu,1880,2.1
583,TN83606199,Tamilnadu,1630,8.0
584,TN23338616,Tamilnadu,2000,6.3
585,KA34651384,Karnataka,560,3.4
586,KA23035478,Karnataka,2140,4.3
587,KA73772477,Karnataka,1280,6.6
588,MH21983443,Maharashtra,920,3.9
589,TN61329997,Tamilnadu,1650,2.9
590,KA94824957,Karnataka,1480,5.0
591,TN09080812,Tamilnadu,2190,6.7
592,KA89528891,Karnataka,480,3.7
593,MH09841482,Maharashtra,550,7.0
594,TN35590170,Tamilnadu,1160,8.3
595,KA95464893,Karnataka,610,7.1
596,KA32064810,Karnataka,1770,5.3
597,MH43803033,Maharashtra,500,7.0
598,KA57786490,Karnataka,2030,8.3
599,KA72891865,Karnataka,1950,2.6
600,TN80895206,Tamilnadu,1670,7.4
601,MH41770177,Maharashtra,2000,8.5
602,TN53909923,Tamilnadu,880,5.3
603,KA42504665,Karnataka,490,2.9
604,MH12872312,Maharashtra,1410,3.8
605,TN26924885,Tamilnadu,1940,5.0
606,KA24962391,Karnataka,830,5.8
607,KA96430705,Karnataka,400,2.8
608,MH21942358,Maharashtra,530,2.5
609,MH52031557,Maharashtra,460,2.5
610,TN93621243,Tamilnadu,1290,8.0
611,KA40980003,Karnataka,1490,4.6
612,TN61996403,Tamilnadu,780,6.5
613,KA76897771,Karnataka,1590,6.6
614,TN29096916,Tamilnadu,1670,3.9
615,KA88486185,Karnataka,2070,7.8
616,KA96481134,Karnataka,2000,6.7
617,KA50103775,Karnataka,2120,4.7
618,TN89785447,Tamilnadu,2080,8.9
619,KA68669751,Karnataka,480,6.4
620,TN61680791,Tamilnadu,2060,6.0
621,MH51330521,Maharashtra,1010,3.2
622,KA18174816,Karnataka,1320,8.9
623,KA58012796,Karnataka,400,4.2
624,MH45749032,Maharashtra,1240,2.1
625,TN59040712,Tamilnadu,1380,8.5
626,KA58242032,Karnataka,800,7.6
627,MH63849738,Maharashtra,1740,2.9
628,TN15358448,Tamilnadu,1400,8.1
629,TN30047648,Tamilnadu,960,5.3
630,TN53885579,Tamilnadu,550,2.3
631,TN58660010,Tamilnadu,480,5.6
632,MH57335117,Maharashtra,1750,3.1
633,KA75445157,Karnataka,630,2.2
634,TN71303369,Tamilnadu,1880,6.0
635,MH78166745,Maharashtra,610,2.9
636,MH97903048,Maharashtra,740,6.6
637,KA83209789,Karnataka,1760,3.6
638,KA69502439,Karnataka,2060,2.5
639,TN51619138,Tamilnadu,1470,7.7
640,MH40289663,Maharashtra,1520,7.8
641,KA45986109,Karnataka,1000,2.1
642,KA88184234,Karnataka,1890,7.0
643,KA53748621,Karnataka,500,9.7
644,MH72484968,Maharashtra,2150,2.5
645,TN30093249,Tamilnadu,1950,9.5
646,KA96546611,Karnataka,550,3.9
647,KA92049994,Karnataka,920,5.6
648,KA97265108,Karnataka,1910,2.9
649,TN54993150,Tamilnadu,850,6.6
650,TN92289659,Tamilnadu,960,8.3
651,MH90730009,Maharashtra,580,7.5
652,KA86649438,Karnataka,1360,3.9
653,MH56673388,Maharashtra,1710,3.5
654,TN80751335,Tamilnadu,1330,4.1
655,TN82974824,Tamilnadu,1140,4.6
656,KA20282349,Karnataka,400,7.9
657,MH68845049,Maharashtra,680,3.7
658,TN58598733,Tamilnadu,1070,4.4
659,KA81008063,Karnataka,740,6.1
660,KA15319500,Karnataka,1330,6.6
661,MH07001895,Maharashtra,710,7.6
662,TN31529525,Tamilnadu,820,6.4
663,TN30715370,Tamilnadu,1180,5.0
664,MH03295311,Maharashtra,2010,3.8
665,TN38512018,Tamilnadu,750,9.3
666,MH18875379,Maharashtra,2040,5.4
667,KA14158094,Karnataka,1210,6.7
668,TN57209098,Tamilnadu,630,6.0
669,TN71829197,Tamilnadu,1260,7.8
670,KA16899575,Karnataka,470,3.4
671,MH94337068,Maharashtra,1310,3.6
672,MH92277069,Maharashtra,1160,8.9
673,MH50097791,Maharashtra,960,4.6
674,TN46954114,Tamilnadu,1740,9.3
675,TN66729570,Tamilnadu,1280,7.0
676,KA06438944,Karnataka,1190,6.0
677,MH65759714,Maharashtra,1170,7.6
678,KA52812996,Karnataka,1420,7.2
679,KA04520245,Karnataka,1440,5.6
680,MH79445825,Maharashtra,1850,4.7
681,TN61654617,Tamilnadu,1180,7.6
682,TN40844176,Tamilnadu,570,5.3
683,MH44786311,Maharashtra,1820,3.9
684,TN97190837,Tamilnadu,2110,6.0
685,MH49793505,Maharashtra,520,5.1
686,KA48946353,Karnataka,2130,9.7
687,MH83402371,Maharashtra,1980,7.1
688,KA06115425,Karnataka,590,4.1
689,KA68298715,Karnataka,1280,3.8
690,TN70809923,Tamilnadu,1670,3.7
691,TN37064761,Tamilnadu,1720,9.5
692,TN92434264,Tamilnadu,1190,6.1
693,KA68763572,Karnataka,460,8.0
694,MH07160363,Maharashtra,970,7.6
695,MH86526036,Maharashtra,910,4.7
696,MH12576821,Maharashtra,2050,5.9
697,TN26724003,Tamilnadu,440,2.7
698,TN18588187,Tamilnadu,760,2.8
699,MH66009702,Maharashtra,1020,6.6
700,KA81209101,Karnataka,690,6.9
701,TN09672222,Tamilnadu,920,2.5
702,MH57241241,Maharashtra,1660,5.6
703,MH46015037,Maharashtra,1530,2.9
704,TN61577862,Tamilnadu,1850,6.7
705,TN39625441,Tamilnadu,600,8.9
706,KA10353684,Karnataka,2080,5.7
707,MH25627442,Maharashtra,1010,2.2
708,KA12463725,Karnataka,520,8.0
709,MH73587866,Maharashtra,1580,4.6
710,MH08697103,Maharashtra,2020,7.5
711,KA01043600,Karnataka,710,8.5
712,TN12350629,Tamilnadu,1810,7.9
713,KA69998218,Karnataka,2100,4.3
714,MH32991703,Maharashtra,1540,8.2
715,MH68801151,Maharashtra,1420,8.2
716,MH39082510,Maharashtra,1460,3.0
717,TN64794594,Tamilnadu,870,6.2
718,KA71776477,Karnataka,490,2.1
719,KA83809828,Karnataka,1880,8.4
720,TN83915901,Tamilnadu,1330,7.2
721,KA05508754,Karnataka,1920,9.4
722,MH73222149,Maharashtra,790,5.8
723,KA61597488,Karnataka,460,4.2
724,KA88649467,Karnataka,1730,4.0
725,KA95952345,Karnataka,1900,8.2
726,MH43980116,Maharashtra,1080,2.6
727,TN18455434,Tamilnadu,650,4.6
728,TN69050985,Tamilnadu,540,5.8
729,MH52816734,Maharashtra,1550,6.0
730,MH09539457,Maharashtra,440,5.3
731,MH97208716,Maharashtra,480,8.3
732,TN44611446,Tamilnadu,900,5.9
733,MH35001904,Maharashtra,1350,8.6
734,MH44039769,Maharashtra,530,2.9
735,MH28426684,Maharashtra,810,2.0
736,KA24534161,Karnataka,1100,8.6
737,MH15656438,Maharashtra,1200,5.6
738,MH54110557,Maharashtra,400,6.3
739,TN02260198,Tamilnadu,970,6.8
740,KA69614521,Karnataka,510,3.8
741,KA13856038,Karnataka,490,5.0
742,MH68038755,Maharashtra,630,9.2
743,MH66055983,Maharashtra,2130,3.9
744,TN42811671,Tamilnadu,1400,6.7
745,MH72664445,Maharashtra,2160,3.2
746,KA67810727,Karnataka,1010,4.4
747,MH03245040,Maharashtra,1430,4.3
748,TN06161682,Tamilnadu,780,8.7
749,MH91584298,Maharashtra,1760,9.0
750,MH85835160,Maharashtra,1390,6.3
751,KA88656533,Karnataka,530,2.1
752,KA94711509,Karnataka,1280,7.4
753,TN01708400,Tamilnadu,1470,3.8
754,MH17706902,Maharashtra,1560,5.6
755,KA73121343,Karnataka,1580,5.7
756,MH99426552,Maharashtra,1730,9.0
757,KA37453763,Karnataka,800,3.1
758,KA47218710,Karnataka,1180,9.2
759,MH01067729,Maharashtra,2040,5.5
760,KA04018957,Karnataka,1780,7.5
761,TN10913390,Tamilnadu,980,4.7
762,MH96558188,Maharashtra,2120,2.8
763,TN90554070,Tamilnadu,1940,4.3
764,KA97687467,Karnataka,1350,9.5
765,MH04315766,Maharashtra,720,5.5
766,MH97225775,Maharashtra,1990,4.9
767,TN07690785,Tamilnadu,1630,5.6
768,MH14914386,Maharashtra,1840,7.0
769,TN13916121,Tamilnadu,1940,8.5
770,MH73710356,Maharashtra,1490,2.6
771,MH60132055,Maharashtra,1260,9.2
772,MH78910768,Maharashtra,1330,9.1
773,MH72901410,Maharashtra,1850,3.1
774,MH18924114,Maharashtra,1820,5.9
775,MH03671092,Maharashtra,2040,9.9
776,TN62472647,Tamilnadu,1270,4.0
777,KA81795055,Karnataka,1520,3.7
778,KA91448019,Karnataka,1410,4.9
779,KA00576994,Karnataka,2050,9.8
780,TN46033765,Tamilnadu,1020,9.3
781,TN01397161,Tamilnadu,1860,9.1
782,TN55807678,Tamilnadu,1310,3.3
783,TN53286468,Tamilnadu,1230,6.6
784,TN27700112,Tamilnadu,1460,5.1
785,TN18013405,Tamilnadu,960,6.1
786,TN91747983,Tamilnadu,1030,2.9
787,MH92526365,Maharashtra,1180,8.6
788,KA62638333,Karnataka,820,9.1
789,KA67469130,Karnataka,820,7.4
790,KA60387882,Karnataka,1210,4.9
791,MH79235471,Maharashtra,660,9.2
792,MH83416323,Maharashtra,2050,6.0
793,TN79913065,Tamilnadu,1720,4.7
794,TN18167603,Tamilnadu,1860,4.9
795,MH36623075,Maharashtra,1210,4.1
796,TN32148565,Tamilnadu,1170,5.6
797,TN77723970,Tamilnadu,760,8.3
798,MH09395602,Maharashtra,740,2.1
799,MH20778972,Maharashtra,540,2.7
800,KA59425250,Karnataka,1160,2.9
801,MH94497748,Maharashtra,910,5.0
802,MH66756330,Maharashtra,550,4.1
803,TN01255683,Tamilnadu,820,7.9
804,MH09729414,Maharashtra,680,2.3
805,MH52071676,Maharashtra,450,3.2
806,KA26645742,Karnataka,1060,5.8
807,TN90221293,Tamilnadu,990,7.1
808,TN87445770,Tamilnadu,660,5.3
809,MH11121589,Maharashtra,2090,4.1
810,MH85880177,Maharashtra,760,6.3
811,MH36589821,Maharashtra,1590,4.1
812,MH67705849,Maharashtra,910,2.9
813,MH21089268,Maharashtra,1290,8.3
814,TN11537854,Tamilnadu,1580,9.0
815,KA43240401,Karnataka,660,8.0
816,KA84717238,Karnataka,1920,7.3
817,KA35955955,Karnataka,1150,9.4
818,MH48881982,Maharashtra,1940,5.3
819,KA23214354,Karnataka,2040,6.5
820,TN11879459,Tamilnadu,1210,4.7
821,MH98311729,Maharashtra,1170,8.3
822,TN33844657,Tamilnadu,440,8.5
823,MH42128816,Maharashtra,2200,4.5
824,MH99423049,Maharashtra,2020,7.1
825,TN45837500,Tamilnadu,540,7.4
826,MH83428272,Maharashtra,640,2.4
827,MH12461462,Maharashtra,730,6.1
828,MH79315760,Maharashtra,1480,9.9
829,KA58230404,Karnataka,2080,5.9
830,KA61468030,Karnataka,2000,5.9
831,TN95832142,Tamilnadu,1030,8.2
832,MH76966224,Maharashtra,1930,2.1
833,MH19292298,Maharashtra,960,4.1
834,KA08567505,Karnataka,1500,9.2
835,MH61805224,Maharashtra,620,5.0
836,MH00915137,Maharashtra,410,5.4
837,MH10630754,Maharashtra,2180,5.3
838,KA22776938,Karnataka,1980,8.3
839,MH07789458,Maharashtra,470,6.2
840,TN78866850,Tamilnadu,1350,2.8
841,KA83313479,Karnataka,840,7.8
842,KA23925168,Karnataka,1390,6.2
843,MH56822571,Maharashtra,2050,5.5
844,TN27331170,Tamilnadu,1030,2.6
845,TN05420315,Tamilnadu,1540,7.8
846,MH75663193,Maharashtra,1290,4.2
847,KA34099889,Karnataka,610,3.0
848,TN95286655,Tamilnadu,1740,4.7
849,KA77252289,Karnataka,560,7.3
850,TN06385057,Tamilnadu,2200,4.4
851,KA79483711,Karnataka,2010,7.1
852,TN54884977,Tamilnadu,1410,9.7
853,TN27898086,Tamilnadu,580,5.6
854,MH37874216,Maharashtra,800,4.7
855,KA61953284,Karnataka,650,5.1
856,MH01743425,Maharashtra,1180,3.9
857,MH60657480,Maharashtra,910,3.0
858,KA52849374,Karnataka,1780,5.2
859,TN70689266,Tamilnadu,560,3.8
860,KA93237680,Karnataka,1240,6.4
861,TN07610059,Tamilnadu,2190,4.1
862,KA36048786,Karnataka,750,9.9
863,KA30146341,Karnataka,1690,6.7
864,TN09044777,Tamilnadu,1250,2.2
865,TN39543219,Tamilnadu,890,2.2
866,MH70704136,Maharashtra,2050,9.7
867,MH89240694,Maharashtra,1080,3.7
868,TN97068143,Tamilnadu,830,9.9
869,MH40048741,Maharashtra,1310,8.2
870,KA13200664,Karnataka,710,5.4
871,KA87740080,Karnataka,1180,7.0
872,MH56256628,Maharashtra,2180,8.1
873,MH52454851,Maharashtra,950,8.3
874,KA72167885,Karnataka,1480,9.2
875,KA78498280,Karnataka,2170,9.6
876,TN13608071,Tamilnadu,680,8.3
877,MH75964603,Maharashtra,1660,6.7
878,TN68350239,Tamilnadu,660,9.0
879,TN42510352,Tamilnadu,2160,2.5
880,KA32110913,Karnataka,1700,3.5
881,TN81661572,Tamilnadu,1360,3.5
882,MH75312978,Maharashtra,1970,5.0
883,KA78920507,Karnataka,2020,7.1
884,TN08825926,Tamilnadu,1440,6.7
885,TN22764652,Tamilnadu,610,3.0
886,MH20460372,Maharashtra,1130,5.3
887,KA50393848,Karnataka,1350,4.8
888,KA77973917,Karnataka,1850,9.1
889,KA94965452,Karnataka,930,4.5
890,KA65890127,Karnataka,1410,8.3
891,TN36400539,Tamilnadu,1040,2.8
892,TN35190288,Tamilnadu,1660,3.8
893,KA51197926,Karnataka,1360,6.9
894,MH01310429,Maharashtra,2090,4.2
895,KA14975967,Karnataka,740,7.3
896,MH67852093,Maharashtra,1410,5.9
897,TN66908463,Tamilnadu,400,8.8
898,MH98712069,Maharashtra,2130,7.5
899,MH40185644,Maharashtra,1040,9.6
900,MH77194596,Maharashtra,1270,4.8
901,MH30531567,Maharashtra,990,5.7
902,MH56777895,Maharashtra,2050,7.8
903,TN53896520,Tamilnadu,1890,7.1
904,TN21683107,Tamilnadu,800,3.0
905,TN53301147,Tamilnadu,410,8.9
906,KA30909908,Karnataka,1270,7.0
907,TN69813948,Tamilnadu,2130,8.0
908,KA69133503,Karnataka,1970,8.3
909,TN16735316,Tamilnadu,2150,4.5
910,KA73899327,Karnataka,460,4.0
911,KA31164955,Karnataka,1540,4.8
912,KA26247861,Karnataka,1190,8.1
913,MH83161636,Maharashtra,1720,4.6
914,MH50079193,Maharashtra,680,6.8
915,MH53259370,Maharashtra,1080,9.3
916,KA31053334,Karnataka,1480,2.8
917,KA39310149,Karnataka,1410,6.5
918,MH12606252,Maharashtra,500,2.8
919,MH18167320,Maharashtra,1910,2.0
920,KA87151978,Karnataka,1820,7.8
921,MH11409984,Maharashtra,1880,9.0
922,MH76697838,Maharashtra,760,6.0
923,KA16642256,Karnataka,1470,3.0
924,KA60016393,Karnataka,1030,5.0
925,KA57346212,Karnataka,2120,3.9
926,KA68059828,Karnataka,1650,8.8
927,KA33849423,Karnataka,1420,6.2
928,KA92237315,Karnataka,1440,5.1
929,MH81834853,Maharashtra,1500,5.9
930,TN38048944,Tamilnadu,1630,8.7
931,KA57994178,Karnataka,1840,2.5
932,KA49774726,Karnataka,1920,3.2
933,TN00940696,Tamilnadu,2060,6.0
934,MH65734223,Maharashtra,1120,5.5
935,MH40552385,Maharashtra,1020,9.9
936,KA65485705,Karnataka,1980,3.2
937,TN56169546,Tamilnadu,900,10.0
938,MH76416729,Maharashtra,1150,2.8
939,MH59943457,Maharashtra,550,4.4
940,MH78904705,Maharashtra,1090,4.1
941,KA00436472,Karnataka,550,6.1
942,TN18134087,Tamilnadu,1320,3.4
943,TN08618191,Tamilnadu,460,7.2
944,MH36334490,Maharashtra,420,8.9
945,KA91747693,Karnataka,890,3.6
946,TN51195595,Tamilnadu,900,5.8
947,TN41046067,Tamilnadu,1420,2.7
948,TN69452161,Tamilnadu,530,7.5
949,TN37366407,Tamilnadu,870,4.3
950,KA63280968,Karnataka,480,9.9
951,TN22312938,Tamilnadu,1620,8.1
952,TN54421592,Tamilnadu,1930,7.9
953,TN80515036,Tamilnadu,1490,3.6
954,MH11634799,Maharashtra,810,8.1
955,TN11690900,Tamilnadu,530,9.2
956,KA81165841,Karnataka,1380,8.1
957,KA39024596,Karnataka,1700,5.6
958,TN13975159,Tamilnadu,1940,4.9
959,TN63075106,Tamilnadu,2070,5.3
960,TN94426564,Tamilnadu,1060,9.0
961,MH93745987,Maharashtra,1180,8.6
962,KA72258644,Karnataka,1760,9.1
963,TN04208242,Tamilnadu,670,3.5
964,MH45996641,Maharashtra,1580,7.2
965,KA14585463,Karnataka,2130,6.0
966,MH76622229,Maharashtra,810,4.6
967,MH77417183,Maharashtra,1980,8.8
968,MH22532343,Maharashtra,1940,6.5
969,TN54041387,Tamilnadu,1670,2.6
970,KA17445733,Karnataka,1170,8.4
971,KA93405508,Karnataka,1550,4.7
972,KA70852462,Karnataka,1740,5.4
973,KA87155006,Karnataka,2040,5.3
974,MH43357833,Maharashtra,1500,8.1
975,MH24315128,Maharashtra,520,5.5
976,TN45552953,Tamilnadu,1240,7.6
977,MH18290790,Maharashtra,1690,6.5
978,MH07082221,Maharashtra,670,9.0
979,KA19390376,Karnataka,1280,5.6
980,KA45754760,Karnataka,1620,7.1
981,TN51893453,Tamilnadu,1700,2.4
982,KA03479346,Karnataka,2040,2.1
983,TN05553556,Tamilnadu,1110,5.3
984,KA86403535,Karnataka,1010,6.5
985,TN23687028,Tamilnadu,1790,5.5
986,KA36970858,Karnataka,1300,8.6
987,MH38461439,Maharashtra,2200,3.0
988,KA20076818,Karnataka,1340,7.1
989,TN13118419,Tamilnadu,910,6.2
990,KA14225819,Karnataka,470,2.6
991,MH29527861,Maharashtra,910,2.2
992,MH29382347,Maharashtra,2160,8.2
993,MH11989011,Maharashtra,2110,2.0
994,KA25450392,Karnataka,1450,9.0
995,KA66177616,Karnataka,2030,2.3
996,MH45682094,Maharashtra,1340,2.4
997,TN79155458,Tamilnadu,1620,4.6
998,KA26726731,Karnataka,850,8.0
999,TN09700536,Tamilnadu,1550,5.3
1000,MH38559747,Maharashtra,600,4.0
